member_id,mission_id,id,start_time,end_time
100,609,1586,2000-01-01 09:45:00,2000-01-01 12:45:00
258,620,1587,2000-01-01 09:00:00,2000-01-01 12:00:00
216,561,1588,2000-01-01 14:00:00,2000-01-01 17:00:00
216,563,1589,2000-01-01 14:00:00,2000-01-01 17:00:00
242,730,1627,2000-01-01 09:00:00,2000-01-01 16:00:00
459,500,1590,2000-01-01 14:00:00,2000-01-01 17:00:00
248,620,1593,2000-01-01 10:00:00,2000-01-01 12:00:00
103,573,1600,2000-01-01 17:00:00,2000-01-01 19:40:00
209,530,1594,2000-01-01 09:00:00,2000-01-01 12:00:00
103,546,1601,2000-01-01 16:15:00,2000-01-01 17:00:00
103,728,1602,2000-01-01 18:30:00,2000-01-01 19:30:00
242,731,1628,2000-01-01 08:00:00,2000-01-01 12:00:00
461,665,1595,2000-01-01 15:45:00,2000-01-01 18:45:00
77,728,1603,2000-01-01 18:30:00,2000-01-01 19:30:00
184,561,1604,2000-01-01 14:00:00,2000-01-01 17:00:00
80,609,1607,2000-01-01 09:45:00,2000-01-01 12:45:00
185,665,1608,2000-01-01 15:45:00,2000-01-01 18:45:00
110,597,1612,2000-01-01 12:45:00,2000-01-01 15:45:00
242,732,1629,2000-01-01 09:00:00,2000-01-01 18:30:00
333,621,1609,2000-01-01 09:00:00,2000-01-01 11:00:00
258,621,1610,2000-01-01 09:00:00,2000-01-01 12:00:00
165,598,1613,2000-01-01 12:45:00,2000-01-01 15:45:00
236,667,1631,2000-01-01 15:45:00,2000-01-01 18:45:00
469,586,1606,2000-01-01 17:00:00,2000-01-01 20:00:00
90,597,1615,2000-01-01 12:45:00,2000-01-01 15:45:00
231,599,1618,2000-01-01 12:45:00,2000-01-01 15:45:00
242,735,1633,2000-01-01 09:00:00,2000-01-01 18:00:00
242,734,1632,2000-01-01 09:00:00,2000-01-01 16:30:00
440,561,1090,2000-01-01 14:00:00,2000-01-01 17:00:00
436,587,1654,2000-01-01 18:15:00,2000-01-01 20:00:00
433,746,1659,2000-01-01 10:30:00,2000-01-01 12:00:00
90,746,1660,2000-01-01 10:30:00,2000-01-01 12:00:00
197,612,1666,2000-01-01 09:45:00,2000-01-01 12:45:00
313,598,1673,2000-01-01 12:45:00,2000-01-01 15:45:00
105,720,1680,2000-01-01 08:00:00,2000-01-01 10:00:00
318,729,1651,2000-01-01 10:00:00,2000-01-01 12:00:00
328,680,1686,2000-01-01 14:00:00,2000-01-01 17:00:00
170,550,1690,2000-01-01 14:00:00,2000-01-01 17:00:00
242,737,1635,2000-01-01 08:30:00,2000-01-01 12:00:00
88,610,1175,2000-01-01 09:45:00,2000-01-01 12:45:00
360,585,1192,2000-01-01 17:00:00,2000-01-01 20:00:00
445,610,1207,2000-01-01 09:45:00,2000-01-01 12:45:00
207,621,1598,2000-01-01 09:00:00,2000-01-01 12:00:00
425,664,1620,2000-01-01 15:45:00,2000-01-01 18:45:00
300,563,1621,2000-01-01 14:00:00,2000-01-01 17:00:00
242,738,1636,2000-01-01 09:00:00,2000-01-01 12:00:00
242,725,1638,2000-01-01 09:00:00,2000-01-01 12:00:00
239,622,1655,2000-01-01 09:00:00,2000-01-01 12:00:00
230,615,1661,2000-01-01 09:45:00,2000-01-01 12:45:00
230,613,1663,2000-01-01 09:45:00,2000-01-01 12:45:00
120,625,1674,2000-01-01 09:00:00,2000-01-01 12:00:00
261,549,1250,2000-01-01 14:00:00,2000-01-01 17:00:00
120,627,1675,2000-01-01 09:00:00,2000-01-01 12:00:00
147,746,1681,2000-01-01 10:30:00,2000-01-01 12:00:00
95,562,1687,2000-01-01 14:00:00,2000-01-01 17:00:00
128,730,1691,2000-01-01 13:45:00,2000-01-01 16:00:00
95,747,1693,2000-01-01 10:30:00,2000-01-01 12:00:00
363,549,1695,2000-01-01 14:00:00,2000-01-01 17:00:00
311,610,1267,2000-01-01 09:45:00,2000-01-01 12:45:00
318,574,1701,2000-01-01 17:00:00,2000-01-01 20:00:00
338,476,1704,2000-01-01 09:00:00,2000-01-01 12:00:00
182,729,1706,2000-01-01 10:00:00,2000-01-01 12:00:00
78,512,1709,2000-01-01 17:00:00,2000-01-01 20:00:00
91,680,1341,2000-01-01 14:00:00,2000-01-01 17:00:00
242,739,1643,2000-01-01 09:30:00,2000-01-01 18:00:00
242,736,1634,2000-01-01 09:00:00,2000-01-01 18:00:00
128,672,1309,2000-01-01 16:00:00,2000-01-01 17:00:00
129,672,1310,2000-01-01 16:00:00,2000-01-01 18:30:00
242,672,1311,2000-01-01 16:00:00,2000-01-01 18:30:00
242,671,1312,2000-01-01 18:30:00,2000-01-01 21:00:00
129,669,1313,2000-01-01 14:00:00,2000-01-01 17:00:00
242,669,1315,2000-01-01 14:00:00,2000-01-01 17:00:00
128,673,1325,2000-01-01 18:30:00,2000-01-01 21:00:00
344,490,1333,2000-01-01 08:30:00,2000-01-01 10:00:00
194,679,1340,2000-01-01 18:00:00,2000-01-01 19:30:00
245,491,1344,2000-01-01 08:30:00,2000-01-01 10:00:00
91,679,1345,2000-01-01 18:00:00,2000-01-01 19:30:00
454,547,1491,2000-01-01 14:00:00,2000-01-01 17:00:00
194,560,1351,2000-01-01 14:00:00,2000-01-01 17:00:00
262,575,1599,2000-01-01 17:00:00,2000-01-01 20:00:00
223,548,1623,2000-01-01 14:00:00,2000-01-01 17:00:00
306,531,1624,2000-01-01 09:00:00,2000-01-01 12:00:00
223,552,1625,2000-01-01 14:00:00,2000-01-01 17:00:00
361,492,1375,2000-01-01 08:30:00,2000-01-01 10:00:00
304,562,1649,2000-01-01 14:00:00,2000-01-01 17:00:00
318,547,1656,2000-01-01 14:00:00,2000-01-01 17:00:00
303,586,1385,2000-01-01 17:00:00,2000-01-01 20:00:00
328,746,1664,2000-01-01 10:30:00,2000-01-01 12:00:00
128,671,1392,2000-01-01 18:30:00,2000-01-01 21:00:00
152,547,1403,2000-01-01 14:00:00,2000-01-01 17:00:00
152,549,1404,2000-01-01 14:00:00,2000-01-01 17:00:00
124,500,1671,2000-01-01 14:00:00,2000-01-01 17:00:00
144,599,1676,2000-01-01 12:45:00,2000-01-01 15:45:00
88,680,1417,2000-01-01 14:00:00,2000-01-01 17:00:00
172,585,1436,2000-01-01 17:00:00,2000-01-01 20:00:00
188,530,1445,2000-01-01 09:00:00,2000-01-01 12:00:00
198,513,1449,2000-01-01 17:00:00,2000-01-01 20:00:00
209,512,1451,2000-01-01 17:00:00,2000-01-01 20:00:00
115,684,1458,2000-01-01 18:00:00,2000-01-01 19:30:00
109,684,1459,2000-01-01 18:00:00,2000-01-01 19:30:00
223,555,1626,2000-01-01 14:00:00,2000-01-01 17:00:00
80,597,1650,2000-01-01 14:00:00,2000-01-01 15:30:00
436,666,1653,2000-01-01 17:30:00,2000-01-01 18:45:00
463,599,1509,2000-01-01 12:45:00,2000-01-01 15:45:00
182,500,1665,2000-01-01 14:00:00,2000-01-01 17:00:00
229,622,1668,2000-01-01 09:00:00,2000-01-01 12:00:00
209,593,1670,2000-01-01 17:00:00,2000-01-01 20:00:00
460,684,1519,2000-01-01 18:00:00,2000-01-01 19:30:00
464,546,1522,2000-01-01 14:00:00,2000-01-01 17:00:00
465,611,1525,2000-01-01 09:45:00,2000-01-01 12:45:00
440,546,1530,2000-01-01 14:00:00,2000-01-01 17:00:00
103,729,1646,2000-01-01 10:00:00,2000-01-01 12:00:00
345,665,1515,2000-01-01 15:45:00,2000-01-01 18:45:00
455,680,1684,2000-01-01 14:00:00,2000-01-01 17:00:00
467,478,1538,2000-01-01 09:00:00,2000-01-01 12:00:00
465,614,1543,2000-01-01 09:45:00,2000-01-01 12:45:00
170,534,1689,2000-01-01 09:00:00,2000-01-01 12:00:00
293,489,1546,2000-01-01 08:30:00,2000-01-01 10:00:00
160,586,1548,2000-01-01 18:30:00,2000-01-01 20:00:00
446,620,1552,2000-01-01 09:00:00,2000-01-01 12:00:00
116,573,1554,2000-01-01 17:00:00,2000-01-01 20:00:00
131,573,1555,2000-01-01 17:00:00,2000-01-01 20:00:00
88,679,1556,2000-01-01 18:00:00,2000-01-01 19:30:00
125,502,1697,2000-01-01 14:00:00,2000-01-01 17:00:00
136,597,1558,2000-01-01 13:45:00,2000-01-01 15:45:00
277,513,1559,2000-01-01 17:00:00,2000-01-01 20:00:00
266,513,1560,2000-01-01 17:00:00,2000-01-01 20:00:00
458,560,1561,2000-01-01 14:00:00,2000-01-01 17:00:00
201,476,1562,2000-01-01 09:00:00,2000-01-01 12:00:00
80,512,1700,2000-01-01 17:00:00,2000-01-01 20:00:00
85,672,1569,2000-01-01 16:00:00,2000-01-01 18:30:00
85,621,1570,2000-01-01 09:00:00,2000-01-01 12:00:00
83,723,1572,2000-01-01 09:00:00,2000-01-01 12:00:00
159,611,1573,2000-01-01 09:45:00,2000-01-01 12:45:00
128,724,1574,2000-01-01 09:30:00,2000-01-01 17:30:00
128,726,1576,2000-01-01 09:30:00,2000-01-01 17:30:00
328,679,1578,2000-01-01 18:00:00,2000-01-01 19:30:00
328,493,1579,2000-01-01 08:30:00,2000-01-01 10:00:00
328,624,1580,2000-01-01 09:00:00,2000-01-01 12:00:00
426,621,1581,2000-01-01 09:00:00,2000-01-01 12:00:00
166,549,1582,2000-01-01 14:00:00,2000-01-01 17:00:00
358,530,1584,2000-01-01 09:00:00,2000-01-01 12:00:00
192,599,1703,2000-01-01 12:45:00,2000-01-01 15:45:00
201,729,1705,2000-01-01 10:00:00,2000-01-01 12:00:00
103,669,1708,2000-01-01 14:00:00,2000-01-01 17:00:00
242,748,1710,2000-01-01 19:00:00,2000-01-01 21:00:00
128,748,1711,2000-01-01 19:00:00,2000-01-01 21:00:00
24,748,1712,2000-01-01 19:00:00,2000-01-01 21:00:00
242,749,1713,2000-01-01 16:00:00,2000-01-01 18:00:00
105,749,1714,2000-01-01 16:00:00,2000-01-01 18:00:00
101,749,1715,2000-01-01 16:00:00,2000-01-01 18:00:00
85,749,1716,2000-01-01 16:00:00,2000-01-01 18:00:00
82,749,1717,2000-01-01 16:00:00,2000-01-01 18:00:00
474,574,1718,2000-01-01 17:00:00,2000-01-01 20:00:00
474,729,1719,2000-01-01 10:00:00,2000-01-01 12:00:00
474,562,1720,2000-01-01 14:00:00,2000-01-01 17:00:00
97,749,1721,2000-01-01 16:00:00,2000-01-01 18:00:00
361,749,1723,2000-01-01 16:00:00,2000-01-01 17:00:00
95,749,1724,2000-01-01 16:00:00,2000-01-01 18:00:00
341,574,1725,2000-01-01 17:00:00,2000-01-01 20:00:00
131,574,1726,2000-01-01 17:00:00,2000-01-01 20:00:00
187,501,1728,2000-01-01 14:00:00,2000-01-01 17:00:00
476,501,1729,2000-01-01 14:00:00,2000-01-01 17:00:00
185,480,1731,2000-01-01 09:00:00,2000-01-01 12:00:00
135,622,1732,2000-01-01 09:00:00,2000-01-01 12:00:00
129,671,1733,2000-01-01 18:30:00,2000-01-01 21:00:00
292,550,1734,2000-01-01 14:00:00,2000-01-01 17:00:00
214,671,1735,2000-01-01 18:30:00,2000-01-01 21:00:00
214,532,1736,2000-01-01 09:00:00,2000-01-01 12:00:00
191,750,1737,2000-01-01 15:00:00,2000-01-01 18:00:00
146,514,1738,2000-01-01 17:00:00,2000-01-01 20:00:00
409,514,1739,2000-01-01 17:00:00,2000-01-01 20:00:00
128,725,1575,2000-01-01 10:00:00,2000-01-01 16:30:00
128,751,1740,2000-01-01 14:00:00,2000-01-01 20:00:00
241,563,1741,2000-01-01 14:00:00,2000-01-01 17:00:00
106,680,1742,2000-01-01 14:00:00,2000-01-01 17:00:00
471,667,1746,2000-01-01 15:45:00,2000-01-01 18:45:00
206,666,1748,2000-01-01 15:45:00,2000-01-01 18:45:00
363,680,1342,2000-01-01 14:00:00,2000-01-01 17:00:00
194,680,1448,2000-01-01 14:00:00,2000-01-01 17:00:00
223,680,1510,2000-01-01 14:00:00,2000-01-01 17:00:00
184,680,1531,2000-01-01 14:00:00,2000-01-01 17:00:00
426,623,1749,2000-01-01 09:00:00,2000-01-01 12:00:00
440,554,1751,2000-01-01 14:00:00,2000-01-01 17:00:00
128,752,1752,2000-01-01 09:00:00,2000-01-01 13:00:00
242,752,1753,2000-01-01 09:00:00,2000-01-01 13:00:00
85,752,1754,2000-01-01 09:00:00,2000-01-01 13:00:00
302,503,1756,2000-01-01 14:00:00,2000-01-01 17:00:00
90,671,1757,2000-01-01 18:30:00,2000-01-01 21:00:00
194,564,1758,2000-01-01 14:00:00,2000-01-01 17:00:00
134,611,1759,2000-01-01 09:45:00,2000-01-01 12:45:00
91,501,1760,2000-01-01 14:00:00,2000-01-01 17:00:00
106,671,1761,2000-01-01 18:30:00,2000-01-01 21:00:00
88,612,1762,2000-01-01 09:45:00,2000-01-01 12:45:00
88,669,1763,2000-01-01 14:00:00,2000-01-01 17:00:00
464,552,1765,2000-01-01 14:00:00,2000-01-01 17:00:00
450,588,1766,2000-01-01 17:00:00,2000-01-01 20:00:00
161,588,1767,2000-01-01 17:00:00,2000-01-01 20:00:00
462,684,1768,2000-01-01 18:00:00,2000-01-01 19:30:00
103,671,1769,2000-01-01 18:30:00,2000-01-01 21:00:00
150,575,1770,2000-01-01 17:00:00,2000-01-01 20:00:00
237,575,1771,2000-01-01 17:00:00,2000-01-01 20:00:00
218,501,1772,2000-01-01 15:00:00,2000-01-01 17:00:00
218,623,1773,2000-01-01 10:00:00,2000-01-01 12:00:00
80,671,1774,2000-01-01 18:30:00,2000-01-01 21:00:00
430,478,1775,2000-01-01 09:00:00,2000-01-01 12:00:00
106,746,1776,2000-01-01 10:30:00,2000-01-01 12:00:00
344,494,1777,2000-01-01 08:30:00,2000-01-01 10:00:00
479,478,1778,2000-01-01 14:30:00,2000-01-01 17:00:00
318,532,1780,2000-01-01 09:00:00,2000-01-01 12:00:00
323,612,1781,2000-01-01 09:45:00,2000-01-01 12:45:00
77,754,1782,2000-01-01 16:00:00,2000-01-01 17:30:00
242,755,1783,2000-01-01 14:00:00,2000-01-01 18:00:00
200,598,1784,2000-01-01 12:45:00,2000-01-01 15:45:00
194,754,1785,2000-01-01 16:00:00,2000-01-01 17:30:00
203,532,1786,2000-01-01 09:00:00,2000-01-01 12:00:00
95,756,1787,2000-01-01 15:00:00,2000-01-01 16:00:00
128,755,1788,2000-01-01 14:00:00,2000-01-01 16:00:00
78,754,1789,2000-01-01 16:00:00,2000-01-01 17:30:00
78,671,1790,2000-01-01 18:30:00,2000-01-01 21:00:00
160,502,1793,2000-01-01 14:00:00,2000-01-01 15:30:00
479,620,1794,2000-01-01 09:00:00,2000-01-01 12:00:00
479,531,1796,2000-01-01 09:00:00,2000-01-01 12:00:00
460,550,1798,2000-01-01 14:00:00,2000-01-01 17:00:00
345,619,1800,2000-01-01 09:45:00,2000-01-01 12:45:00
345,614,1801,2000-01-01 09:45:00,2000-01-01 12:45:00
133,613,1802,2000-01-01 09:45:00,2000-01-01 12:45:00
84,733,1803,2000-01-01 09:00:00,2000-01-01 12:00:00
194,746,1804,2000-01-01 10:30:00,2000-01-01 12:00:00
170,623,1805,2000-01-01 09:00:00,2000-01-01 12:00:00
201,576,1807,2000-01-01 17:00:00,2000-01-01 20:00:00
201,479,1808,2000-01-01 09:00:00,2000-01-01 12:00:00
204,533,1809,2000-01-01 09:00:00,2000-01-01 12:00:00
85,671,1810,2000-01-01 18:30:00,2000-01-01 21:00:00
85,746,1812,2000-01-01 10:30:00,2000-01-01 12:00:00
85,623,1813,2000-01-01 09:00:00,2000-01-01 12:00:00
421,587,1815,2000-01-01 17:00:00,2000-01-01 20:00:00
421,503,1816,2000-01-01 14:00:00,2000-01-01 17:00:00
218,513,1820,2000-01-01 17:00:00,2000-01-01 18:00:00
354,548,1822,2000-01-01 14:00:00,2000-01-01 17:00:00
474,671,1823,2000-01-01 18:30:00,2000-01-01 21:00:00
187,514,1824,2000-01-01 17:00:00,2000-01-01 20:00:00
74,613,1829,2000-01-01 09:45:00,2000-01-01 12:45:00
476,514,1830,2000-01-01 17:00:00,2000-01-01 20:00:00
333,622,1832,2000-01-01 09:00:00,2000-01-01 11:00:00
85,622,1833,2000-01-01 09:00:00,2000-01-01 12:00:00
359,666,1834,2000-01-01 15:45:00,2000-01-01 18:45:00
87,587,1835,2000-01-01 17:00:00,2000-01-01 20:00:00
306,532,1837,2000-01-01 09:30:00,2000-01-01 11:00:00
474,746,1838,2000-01-01 10:30:00,2000-01-01 12:00:00
474,673,1839,2000-01-01 18:30:00,2000-01-01 21:00:00
261,495,1840,2000-01-01 08:30:00,2000-01-01 10:00:00
261,553,1841,2000-01-01 14:00:00,2000-01-01 17:00:00
103,587,1842,2000-01-01 17:00:00,2000-01-01 20:00:00
83,746,1843,2000-01-01 10:30:00,2000-01-01 12:00:00
252,515,1844,2000-01-01 17:00:00,2000-01-01 20:00:00
293,600,1845,2000-01-01 12:45:00,2000-01-01 15:45:00
397,503,1846,2000-01-01 14:00:00,2000-01-01 17:00:00
318,576,1847,2000-01-01 17:00:00,2000-01-01 20:00:00
123,721,1848,2000-01-01 08:00:00,2000-01-01 11:00:00
251,479,1850,2000-01-01 09:00:00,2000-01-01 12:00:00
258,622,1851,2000-01-01 09:00:00,2000-01-01 12:00:00
294,622,1852,2000-01-01 09:00:00,2000-01-01 12:00:00
294,623,1853,2000-01-01 09:00:00,2000-01-01 12:00:00
128,761,1831,2000-01-01 14:00:00,2000-01-01 16:30:00
453,600,1854,2000-01-01 12:45:00,2000-01-01 15:45:00
135,624,1857,2000-01-01 09:00:00,2000-01-01 12:00:00
482,533,1858,2000-01-01 09:00:00,2000-01-01 11:00:00
481,533,1859,2000-01-01 09:00:00,2000-01-01 11:00:00
77,746,1862,2000-01-01 10:30:00,2000-01-01 12:00:00
97,754,1863,2000-01-01 16:00:00,2000-01-01 17:30:00
143,481,1864,2000-01-01 09:00:00,2000-01-01 12:00:00
346,600,1865,2000-01-01 12:45:00,2000-01-01 15:45:00
139,548,1866,2000-01-01 14:00:00,2000-01-01 17:00:00
462,721,1867,2000-01-01 08:00:00,2000-01-01 11:00:00
235,624,1868,2000-01-01 09:00:00,2000-01-01 12:00:00
147,588,1871,2000-01-01 17:00:00,2000-01-01 20:00:00
132,762,1872,2000-01-01 08:30:00,2000-01-01 11:30:00
354,757,1826,2000-01-01 08:00:00,2000-01-01 11:00:00
128,734,1874,2000-01-01 13:00:00,2000-01-01 16:30:00
358,667,1880,2000-01-01 15:45:00,2000-01-01 18:45:00
269,601,1881,2000-01-01 12:45:00,2000-01-01 15:45:00
105,762,1869,2000-01-01 08:30:00,2000-01-01 15:00:00
128,763,1875,2000-01-01 15:30:00,2000-01-01 18:30:00
425,668,1883,2000-01-01 15:45:00,2000-01-01 18:45:00
415,502,1918,2000-01-01 14:00:00,2000-01-01 17:00:00
148,721,1920,2000-01-01 08:00:00,2000-01-01 11:00:00
106,673,1921,2000-01-01 18:30:00,2000-01-01 21:00:00
95,800,1922,2000-01-01 10:30:00,2000-01-01 12:00:00
242,762,1916,2000-01-01 08:30:00,2000-01-01 15:00:00
85,762,1923,2000-01-01 08:30:00,2000-01-01 15:00:00
131,728,1924,2000-01-01 18:30:00,2000-01-01 19:30:00
116,602,1925,2000-01-01 12:45:00,2000-01-01 15:45:00
216,565,1926,2000-01-01 14:00:00,2000-01-01 17:00:00
216,567,1927,2000-01-01 14:00:00,2000-01-01 17:00:00
105,801,1928,2000-01-01 09:00:00,2000-01-01 15:30:00
142,625,1934,2000-01-01 09:00:00,2000-01-01 12:00:00
142,627,1935,2000-01-01 09:00:00,2000-01-01 12:00:00
125,754,1936,2000-01-01 16:00:00,2000-01-01 17:30:00
403,667,1938,2000-01-01 15:45:00,2000-01-01 18:45:00
411,576,1939,2000-01-01 17:00:00,2000-01-01 20:00:00
279,601,1940,2000-01-01 12:45:00,2000-01-01 15:45:00
465,591,1942,2000-01-01 17:00:00,2000-01-01 20:00:00
242,763,1944,2000-01-01 17:00:00,2000-01-01 18:30:00
479,503,1945,2000-01-01 14:30:00,2000-01-01 16:00:00
128,754,1946,2000-01-01 16:00:00,2000-01-01 17:30:00
221,801,1947,2000-01-01 10:00:00,2000-01-01 13:00:00
147,548,1948,2000-01-01 14:00:00,2000-01-01 16:00:00
85,803,1950,2000-01-01 09:00:00,2000-01-01 12:00:00
128,804,1951,2000-01-01 16:30:00,2000-01-01 18:30:00
154,515,1952,2000-01-01 17:00:00,2000-01-01 20:00:00
244,515,1953,2000-01-01 17:00:00,2000-01-01 20:00:00
244,591,1954,2000-01-01 17:00:00,2000-01-01 20:00:00
154,591,1955,2000-01-01 17:00:00,2000-01-01 20:00:00
456,534,1956,2000-01-01 09:00:00,2000-01-01 12:00:00
124,504,1957,2000-01-01 14:00:00,2000-01-01 17:00:00
335,534,1958,2000-01-01 09:00:00,2000-01-01 12:00:00
147,669,1959,2000-01-01 14:00:00,2000-01-01 17:00:00
318,669,1960,2000-01-01 14:00:00,2000-01-01 17:00:00
318,728,1961,2000-01-01 18:30:00,2000-01-01 19:30:00
95,805,1963,2000-01-01 11:00:00,2000-01-01 12:00:00
103,668,1964,2000-01-01 15:45:00,2000-01-01 18:45:00
471,603,1969,2000-01-01 12:45:00,2000-01-01 15:45:00
106,728,1972,2000-01-01 18:30:00,2000-01-01 19:30:00
411,803,1973,2000-01-01 09:00:00,2000-01-01 12:00:00
148,801,1974,2000-01-01 09:00:00,2000-01-01 15:00:00
397,589,1975,2000-01-01 17:00:00,2000-01-01 20:00:00
422,589,1976,2000-01-01 17:00:00,2000-01-01 20:00:00
201,551,1977,2000-01-01 14:00:00,2000-01-01 17:00:00
131,577,1978,2000-01-01 17:00:00,2000-01-01 20:00:00
85,668,1979,2000-01-01 15:45:00,2000-01-01 18:45:00
85,673,1980,2000-01-01 18:30:00,2000-01-01 21:00:00
407,803,1981,2000-01-01 09:00:00,2000-01-01 12:00:00
407,605,1982,2000-01-01 12:45:00,2000-01-01 15:45:00
474,577,1984,2000-01-01 17:00:00,2000-01-01 20:00:00
216,728,1985,2000-01-01 18:30:00,2000-01-01 19:30:00
217,601,1986,2000-01-01 12:45:00,2000-01-01 15:45:00
266,518,1987,2000-01-01 17:00:00,2000-01-01 20:00:00
277,518,1988,2000-01-01 17:00:00,2000-01-01 20:00:00
403,668,1989,2000-01-01 15:45:00,2000-01-01 18:45:00
222,589,1990,2000-01-01 17:00:00,2000-01-01 20:00:00
363,624,1991,2000-01-01 09:00:00,2000-01-01 12:00:00
433,754,1993,2000-01-01 16:00:00,2000-01-01 17:30:00
433,583,1994,2000-01-01 17:00:00,2000-01-01 20:00:00
328,496,1995,2000-01-01 08:30:00,2000-01-01 10:00:00
328,627,1996,2000-01-01 09:00:00,2000-01-01 12:00:00
242,803,1998,2000-01-01 09:00:00,2000-01-01 12:00:00
481,624,1999,2000-01-01 09:00:00,2000-01-01 11:00:00
484,564,2000,2000-01-01 14:00:00,2000-01-01 17:00:00
482,625,2001,2000-01-01 09:00:00,2000-01-01 11:00:00
83,673,2004,2000-01-01 18:30:00,2000-01-01 21:00:00
479,504,2005,2000-01-01 14:00:00,2000-01-01 17:00:00
318,551,2008,2000-01-01 14:00:00,2000-01-01 17:00:00
451,668,2009,2000-01-01 15:45:00,2000-01-01 18:45:00
421,577,2010,2000-01-01 17:00:00,2000-01-01 20:00:00
131,550,2011,2000-01-01 16:30:00,2000-01-01 17:00:00
103,577,2012,2000-01-01 18:00:00,2000-01-01 20:00:00
85,624,2014,2000-01-01 09:00:00,2000-01-01 12:00:00
91,564,2018,2000-01-01 14:00:00,2000-01-01 17:00:00
184,480,2020,2000-01-01 09:00:00,2000-01-01 12:00:00
293,602,2021,2000-01-01 12:45:00,2000-01-01 15:45:00
131,578,2023,2000-01-01 17:00:00,2000-01-01 20:00:00
131,516,2024,2000-01-01 17:00:00,2000-01-01 20:00:00
103,516,2025,2000-01-01 17:00:00,2000-01-01 20:00:00
95,565,2027,2000-01-01 14:00:00,2000-01-01 17:00:00
421,516,2028,2000-01-01 17:00:00,2000-01-01 20:00:00
425,799,2030,2000-01-01 15:45:00,2000-01-01 18:45:00
459,504,2031,2000-01-01 14:00:00,2000-01-01 17:00:00
85,625,2032,2000-01-01 09:00:00,2000-01-01 12:00:00
85,799,2033,2000-01-01 15:45:00,2000-01-01 18:45:00
85,535,2034,2000-01-01 09:00:00,2000-01-01 12:00:00
276,480,2035,2000-01-01 09:00:00,2000-01-01 12:00:00
363,615,2036,2000-01-01 09:45:00,2000-01-01 12:45:00
237,590,2039,2000-01-01 17:00:00,2000-01-01 20:00:00
229,626,2040,2000-01-01 09:00:00,2000-01-01 12:00:00
229,628,2041,2000-01-01 09:00:00,2000-01-01 12:00:00
85,809,2042,2000-01-01 11:30:00,2000-01-01 12:30:00
91,799,2043,2000-01-01 15:45:00,2000-01-01 18:45:00
239,628,2044,2000-01-01 09:00:00,2000-01-01 12:00:00
128,736,2003,2000-01-01 10:00:00,2000-01-01 16:00:00
134,615,2046,2000-01-01 09:45:00,2000-01-01 12:45:00
95,810,2047,2000-01-01 10:00:00,2000-01-01 12:00:00
352,602,2048,2000-01-01 12:45:00,2000-01-01 15:45:00
360,579,2049,2000-01-01 17:00:00,2000-01-01 20:00:00
85,796,2050,2000-01-01 15:45:00,2000-01-01 18:45:00
85,626,2051,2000-01-01 09:00:00,2000-01-01 12:00:00
128,806,2002,2000-01-01 13:30:00,2000-01-01 17:30:00
487,590,2038,2000-01-01 18:00:00,2000-01-01 20:00:00
294,757,1949,2000-01-01 08:00:00,2000-01-01 11:00:00
423,757,1968,2000-01-01 08:00:00,2000-01-01 11:00:00
338,480,2052,2000-01-01 09:00:00,2000-01-01 12:00:00
338,524,2053,2000-01-01 09:00:00,2000-01-01 12:00:00
344,498,2054,2000-01-01 08:30:00,2000-01-01 10:00:00
128,739,2055,2000-01-01 14:00:00,2000-01-01 18:00:00
141,578,2056,2000-01-01 17:00:00,2000-01-01 20:00:00
358,535,2057,2000-01-01 09:00:00,2000-01-01 12:00:00
131,551,2058,2000-01-01 14:00:00,2000-01-01 17:00:00
403,799,2059,2000-01-01 15:45:00,2000-01-01 18:45:00
131,504,2061,2000-01-01 16:00:00,2000-01-01 17:00:00
101,811,2062,2000-01-01 16:59:00,2000-01-01 20:00:00
318,807,2064,2000-01-01 17:00:00,2000-01-01 18:00:00
318,808,2065,2000-01-01 17:00:00,2000-01-01 18:00:00
103,578,2066,2000-01-01 17:00:00,2000-01-01 20:00:00
454,553,2067,2000-01-01 14:00:00,2000-01-01 17:00:00
148,535,2070,2000-01-01 09:00:00,2000-01-01 12:00:00
150,590,2071,2000-01-01 18:00:00,2000-01-01 20:00:00
440,565,2072,2000-01-01 15:00:00,2000-01-01 18:00:00
194,567,2074,2000-01-01 14:00:00,2000-01-01 17:00:00
98,567,2075,2000-01-01 14:00:00,2000-01-01 17:00:00
187,505,2076,2000-01-01 14:00:00,2000-01-01 17:00:00
476,505,2077,2000-01-01 14:00:00,2000-01-01 17:00:00
463,553,2079,2000-01-01 14:00:00,2000-01-01 17:00:00
101,812,2080,2000-01-01 14:30:00,2000-01-01 20:00:00
294,625,2081,2000-01-01 09:00:00,2000-01-01 11:00:00
397,758,2063,2000-01-01 08:00:00,2000-01-01 11:00:00
103,796,2131,2000-01-01 16:30:00,2000-01-01 18:45:00
294,758,2082,2000-01-01 08:00:00,2000-01-01 11:00:00
469,566,2083,2000-01-01 14:00:00,2000-01-01 17:00:00
194,566,2085,2000-01-01 14:00:00,2000-01-01 17:00:00
318,517,2086,2000-01-01 17:00:00,2000-01-01 20:00:00
318,580,2087,2000-01-01 17:00:00,2000-01-01 20:00:00
216,590,2090,2000-01-01 17:00:00,2000-01-01 18:00:00
327,617,2091,2000-01-01 09:45:00,2000-01-01 12:45:00
160,614,2092,2000-01-01 09:45:00,2000-01-01 12:45:00
230,604,2093,2000-01-01 12:45:00,2000-01-01 15:45:00
231,669,2094,2000-01-01 14:00:00,2000-01-01 17:00:00
231,604,2095,2000-01-01 12:45:00,2000-01-01 15:45:00
188,536,2096,2000-01-01 09:00:00,2000-01-01 12:00:00
118,813,2098,2000-01-01 14:30:00,2000-01-01 17:30:00
200,603,2099,2000-01-01 12:45:00,2000-01-01 15:45:00
455,583,2100,2000-01-01 17:00:00,2000-01-01 20:00:00
445,566,2101,2000-01-01 14:00:00,2000-01-01 17:00:00
489,592,2102,2000-01-01 17:00:00,2000-01-01 20:00:00
236,797,2103,2000-01-01 15:45:00,2000-01-01 18:45:00
491,592,2104,2000-01-01 17:00:00,2000-01-01 20:00:00
85,812,2105,2000-01-01 14:30:00,2000-01-01 20:00:00
422,758,2106,2000-01-01 09:00:00,2000-01-01 11:00:00
439,481,2107,2000-01-01 10:00:00,2000-01-01 12:00:00
292,517,2108,2000-01-01 17:00:00,2000-01-01 20:00:00
148,812,2109,2000-01-01 14:30:00,2000-01-01 16:30:00
148,758,2110,2000-01-01 08:00:00,2000-01-01 11:00:00
128,814,2111,2000-01-01 09:30:00,2000-01-01 11:30:00
242,814,2112,2000-01-01 09:30:00,2000-01-01 11:30:00
112,814,2113,2000-01-01 09:30:00,2000-01-01 11:30:00
421,536,2115,2000-01-01 09:00:00,2000-01-01 12:00:00
458,536,2116,2000-01-01 09:00:00,2000-01-01 12:00:00
262,579,2117,2000-01-01 17:00:00,2000-01-01 20:00:00
304,517,2118,2000-01-01 17:00:00,2000-01-01 20:00:00
166,538,2120,2000-01-01 09:00:00,2000-01-01 12:00:00
252,604,2121,2000-01-01 12:45:00,2000-01-01 15:45:00
165,605,2122,2000-01-01 12:45:00,2000-01-01 15:45:00
323,605,2123,2000-01-01 12:45:00,2000-01-01 15:45:00
397,593,2124,2000-01-01 17:00:00,2000-01-01 20:00:00
411,626,2125,2000-01-01 09:00:00,2000-01-01 12:00:00
198,593,2126,2000-01-01 17:00:00,2000-01-01 20:00:00
214,628,2127,2000-01-01 09:00:00,2000-01-01 12:00:00
88,616,2128,2000-01-01 09:45:00,2000-01-01 12:45:00
88,608,2129,2000-01-01 09:45:00,2000-01-01 12:45:00
473,796,2130,2000-01-01 15:45:00,2000-01-01 18:45:00
248,759,2132,2000-01-01 08:00:00,2000-01-01 10:39:00
182,604,2135,2000-01-01 12:45:00,2000-01-01 15:45:00
241,506,2136,2000-01-01 14:00:00,2000-01-01 17:00:00
208,482,2137,2000-01-01 09:00:00,2000-01-01 12:00:00
78,797,2138,2000-01-01 15:45:00,2000-01-01 18:45:00
144,606,2141,2000-01-01 12:45:00,2000-01-01 15:45:00
144,796,2142,2000-01-01 15:45:00,2000-01-01 18:45:00
302,518,2143,2000-01-01 17:00:00,2000-01-01 20:00:00
105,812,2144,2000-01-01 14:30:00,2000-01-01 17:30:00
123,579,2145,2000-01-01 17:00:00,2000-01-01 20:00:00
118,811,2148,2000-01-01 16:59:00,2000-01-01 20:00:00
91,566,2149,2000-01-01 14:00:00,2000-01-01 17:00:00
361,813,2151,2000-01-01 14:30:00,2000-01-01 17:30:00
361,811,2153,2000-01-01 16:59:00,2000-01-01 20:00:00
488,811,2154,2000-01-01 16:59:00,2000-01-01 20:00:00
129,506,2155,2000-01-01 14:00:00,2000-01-01 17:00:00
300,568,2156,2000-01-01 14:00:00,2000-01-01 17:00:00
131,552,2157,2000-01-01 14:00:00,2000-01-01 17:00:00
80,568,2158,2000-01-01 14:00:00,2000-01-01 17:00:00
80,554,2159,2000-01-01 14:00:00,2000-01-01 17:00:00
152,497,2160,2000-01-01 08:30:00,2000-01-01 10:00:00
261,556,2162,2000-01-01 14:00:00,2000-01-01 17:00:00
328,529,2163,2000-01-01 08:30:00,2000-01-01 12:00:00
328,629,2165,2000-01-01 09:00:00,2000-01-01 12:00:00
467,482,2166,2000-01-01 09:00:00,2000-01-01 12:00:00
161,798,2167,2000-01-01 15:45:00,2000-01-01 18:45:00
124,798,2168,2000-01-01 15:45:00,2000-01-01 18:45:00
359,616,2171,2000-01-01 09:45:00,2000-01-01 12:45:00
97,759,2172,2000-01-01 08:00:00,2000-01-01 10:39:00
113,813,2152,2000-01-01 14:30:00,2000-01-01 17:30:00
450,798,2173,2000-01-01 15:45:00,2000-01-01 18:45:00
95,815,2174,2000-01-01 10:00:00,2000-01-01 12:00:00
185,797,2175,2000-01-01 15:45:00,2000-01-01 18:45:00
185,526,2176,2000-01-01 09:00:00,2000-01-01 12:00:00
141,580,2177,2000-01-01 17:00:00,2000-01-01 20:00:00
206,605,2179,2000-01-01 12:45:00,2000-01-01 15:45:00
242,817,2180,2000-01-01 18:00:00,2000-01-01 20:00:00
85,817,2181,2000-01-01 18:00:00,2000-01-01 20:00:00
474,759,2184,2000-01-01 08:00:00,2000-01-01 10:39:00
474,537,2185,2000-01-01 09:00:00,2000-01-01 12:00:00
354,759,2186,2000-01-01 08:00:00,2000-01-01 10:39:00
147,583,2188,2000-01-01 17:00:00,2000-01-01 20:00:00
354,760,2189,2000-01-01 08:00:00,2000-01-01 10:40:00
242,819,2192,2000-01-01 09:00:00,2000-01-01 15:00:00
242,820,2193,2000-01-01 14:00:00,2000-01-01 18:00:00
128,820,2194,2000-01-01 14:00:00,2000-01-01 18:00:00
85,820,2195,2000-01-01 14:00:00,2000-01-01 18:00:00
128,821,2197,2000-01-01 13:30:00,2000-01-01 16:30:00
318,592,2198,2000-01-01 17:00:00,2000-01-01 20:00:00
352,617,2199,2000-01-01 09:45:00,2000-01-01 12:45:00
136,603,2169,2000-01-01 12:45:00,2000-01-01 14:15:00
136,798,2200,2000-01-01 15:45:00,2000-01-01 17:15:00
218,568,2201,2000-01-01 14:00:00,2000-01-01 17:00:00
479,507,2202,2000-01-01 14:00:00,2000-01-01 17:00:00
462,760,2204,2000-01-01 08:00:00,2000-01-01 10:40:00
197,608,2206,2000-01-01 09:45:00,2000-01-01 12:45:00
197,595,2208,2000-01-01 17:30:00,2000-01-01 20:00:00
313,606,2209,2000-01-01 12:45:00,2000-01-01 15:45:00
363,818,2214,2000-01-01 08:30:00,2000-01-01 11:34:00
134,618,2215,2000-01-01 09:45:00,2000-01-01 12:45:00
242,827,2216,2000-01-01 08:45:00,2000-01-01 11:15:00
128,827,2217,2000-01-01 08:45:00,2000-01-01 11:15:00
128,828,2218,2000-01-01 13:30:00,2000-01-01 17:30:00
128,829,2219,2000-01-01 13:30:00,2000-01-01 18:30:00
172,591,2221,2000-01-01 17:00:00,2000-01-01 20:00:00
172,519,2222,2000-01-01 17:00:00,2000-01-01 20:00:00
471,630,2223,2000-01-01 09:00:00,2000-01-01 12:00:00
91,505,2224,2000-01-01 14:00:00,2000-01-01 17:00:00
135,818,2226,2000-01-01 08:30:00,2000-01-01 11:34:00
148,818,2227,2000-01-01 08:30:00,2000-01-01 11:34:00
152,509,2228,2000-01-01 14:00:00,2000-01-01 17:00:00
242,831,2230,2000-01-01 09:00:00,2000-01-01 12:00:00
242,829,2231,2000-01-01 13:30:00,2000-01-01 18:30:00
128,817,2182,2000-01-01 18:00:00,2000-01-01 20:00:00
474,817,2190,2000-01-01 18:00:00,2000-01-01 20:00:00
101,817,2191,2000-01-01 18:00:00,2000-01-01 20:00:00
421,817,2203,2000-01-01 18:00:00,2000-01-01 20:00:00
97,817,2205,2000-01-01 18:00:00,2000-01-01 20:00:00
95,817,2213,2000-01-01 18:00:00,2000-01-01 20:00:00
461,606,2309,2000-01-01 12:45:00,2000-01-01 15:45:00
105,817,2225,2000-01-01 18:00:00,2000-01-01 20:00:00
216,817,2232,2000-01-01 18:00:00,2000-01-01 20:00:00
479,823,2233,2000-01-01 15:45:00,2000-01-01 18:45:00
95,832,2234,2000-01-01 10:30:00,2000-01-01 12:00:00
327,817,2236,2000-01-01 18:00:00,2000-01-01 20:00:00
85,827,2237,2000-01-01 08:45:00,2000-01-01 11:15:00
85,760,2238,2000-01-01 08:00:00,2000-01-01 10:40:00
90,817,2239,2000-01-01 18:00:00,2000-01-01 20:00:00
469,569,2240,2000-01-01 14:00:00,2000-01-01 17:00:00
194,569,2241,2000-01-01 14:00:00,2000-01-01 17:00:00
311,616,2242,2000-01-01 09:45:00,2000-01-01 12:45:00
311,608,2243,2000-01-01 09:45:00,2000-01-01 12:45:00
83,817,2244,2000-01-01 18:00:00,2000-01-01 20:00:00
207,505,2245,2000-01-01 15:30:00,2000-01-01 17:00:00
207,627,2246,2000-01-01 10:00:00,2000-01-01 12:00:00
446,817,2247,2000-01-01 18:00:00,2000-01-01 20:00:00
446,580,2248,2000-01-01 17:00:00,2000-01-01 20:00:00
446,570,2249,2000-01-01 14:00:00,2000-01-01 17:00:00
103,817,2250,2000-01-01 18:00:00,2000-01-01 20:00:00
235,630,2284,2000-01-01 09:00:00,2000-01-01 12:00:00
235,631,2285,2000-01-01 09:00:00,2000-01-01 12:00:00
85,818,2286,2000-01-01 08:30:00,2000-01-01 11:34:00
85,833,2287,2000-01-01 08:00:00,2000-01-01 12:00:00
148,833,2288,2000-01-01 08:00:00,2000-01-01 12:00:00
202,817,2289,2000-01-01 18:00:00,2000-01-01 20:00:00
80,555,2290,2000-01-01 14:00:00,2000-01-01 17:00:00
80,570,2291,2000-01-01 14:00:00,2000-01-01 17:00:00
80,571,2292,2000-01-01 14:00:00,2000-01-01 17:00:00
481,625,2294,2000-01-01 09:00:00,2000-01-01 12:00:00
201,553,2295,2000-01-01 14:00:00,2000-01-01 17:00:00
335,537,2296,2000-01-01 09:00:00,2000-01-01 12:00:00
306,537,2297,2000-01-01 09:00:00,2000-01-01 11:00:00
150,817,2298,2000-01-01 18:00:00,2000-01-01 20:00:00
80,817,2299,2000-01-01 18:00:00,2000-01-01 20:00:00
74,817,2300,2000-01-01 18:00:00,2000-01-01 20:00:00
95,833,2302,2000-01-01 09:30:00,2000-01-01 12:00:00
493,524,2304,2000-01-01 09:00:00,2000-01-01 12:00:00
204,524,2305,2000-01-01 09:00:00,2000-01-01 12:00:00
415,617,2306,2000-01-01 09:45:00,2000-01-01 12:45:00
159,616,2307,2000-01-01 09:45:00,2000-01-01 12:45:00
458,569,2308,2000-01-01 14:00:00,2000-01-01 17:00:00
216,571,2310,2000-01-01 14:00:00,2000-01-01 17:00:00
216,596,2311,2000-01-01 17:00:00,2000-01-01 20:00:00
100,519,2313,2000-01-01 17:00:00,2000-01-01 18:30:00
184,569,2314,2000-01-01 14:00:00,2000-01-01 17:00:00
453,632,2315,2000-01-01 12:45:00,2000-01-01 15:45:00
106,797,2317,2000-01-01 16:30:00,2000-01-01 18:45:00
293,570,2318,2000-01-01 14:00:00,2000-01-01 17:00:00
187,508,2320,2000-01-01 14:00:00,2000-01-01 17:00:00
476,508,2321,2000-01-01 14:00:00,2000-01-01 17:00:00
187,511,2322,2000-01-01 14:00:00,2000-01-01 17:00:00
200,618,2323,2000-01-01 09:45:00,2000-01-01 12:45:00
421,506,2325,2000-01-01 14:00:00,2000-01-01 17:00:00
318,540,2327,2000-01-01 09:00:00,2000-01-01 12:00:00
228,507,2328,2000-01-01 14:00:00,2000-01-01 17:00:00
533,760,2329,2000-01-01 08:00:00,2000-01-01 10:40:00
423,540,2330,2000-01-01 09:00:00,2000-01-01 12:00:00
105,833,2331,2000-01-01 08:00:00,2000-01-01 12:00:00
92,596,2332,2000-01-01 17:00:00,2000-01-01 20:00:00
242,833,2333,2000-01-01 08:00:00,2000-01-01 12:00:00
128,833,2316,2000-01-01 09:30:00,2000-01-01 12:00:00
242,867,2334,2000-01-01 09:00:00,2000-01-01 13:00:00
242,868,2335,2000-01-01 09:00:00,2000-01-01 12:00:00
133,824,2338,2000-01-01 15:45:00,2000-01-01 18:45:00
74,507,2340,2000-01-01 14:00:00,2000-01-01 17:00:00
148,869,2342,2000-01-01 08:00:00,2000-01-01 11:00:00
125,525,2343,2000-01-01 09:00:00,2000-01-01 12:00:00
95,872,2344,2000-01-01 11:00:00,2000-01-01 12:00:00
95,873,2347,2000-01-01 14:00:00,2000-01-01 15:00:00
128,867,2350,2000-01-01 09:00:00,2000-01-01 13:00:00
411,538,2352,2000-01-01 09:00:00,2000-01-01 12:00:00
437,555,2354,2000-01-01 14:00:00,2000-01-01 17:00:00
241,571,2355,2000-01-01 14:00:00,2000-01-01 17:00:00
128,874,2351,2000-01-01 13:30:00,2000-01-01 17:00:00
126,519,2357,2000-01-01 17:00:00,2000-01-01 20:00:00
532,630,2359,2000-01-01 09:00:00,2000-01-01 12:00:00
454,869,2360,2000-01-01 08:00:00,2000-01-01 11:00:00
474,869,2361,2000-01-01 08:00:00,2000-01-01 11:00:00
166,556,2363,2000-01-01 14:00:00,2000-01-01 17:00:00
397,596,2364,2000-01-01 17:00:00,2000-01-01 20:00:00
294,869,2365,2000-01-01 08:00:00,2000-01-01 11:00:00
306,540,2367,2000-01-01 09:00:00,2000-01-01 12:00:00
229,631,2368,2000-01-01 09:00:00,2000-01-01 12:00:00
239,631,2370,2000-01-01 09:00:00,2000-01-01 12:00:00
415,509,2371,2000-01-01 14:00:00,2000-01-01 17:00:00
131,584,2372,2000-01-01 17:00:00,2000-01-01 20:00:00
242,875,2373,2000-01-01 10:00:00,2000-01-01 12:00:00
101,875,2374,2000-01-01 10:00:00,2000-01-01 12:00:00
91,509,2375,2000-01-01 14:00:00,2000-01-01 17:00:00
148,870,2376,2000-01-01 08:00:00,2000-01-01 11:00:00
148,871,2377,2000-01-01 08:00:00,2000-01-01 11:00:00
433,595,2378,2000-01-01 17:00:00,2000-01-01 20:00:00
529,584,2379,2000-01-01 17:00:00,2000-01-01 20:00:00
103,798,2381,2000-01-01 17:45:00,2000-01-01 18:45:00
361,830,2382,2000-01-01 17:02:00,2000-01-01 20:00:00
237,581,2383,2000-01-01 17:00:00,2000-01-01 20:00:00
150,581,2384,2000-01-01 17:00:00,2000-01-01 20:00:00
487,581,2385,2000-01-01 17:00:00,2000-01-01 20:00:00
303,584,2386,2000-01-01 17:00:00,2000-01-01 20:00:00
495,825,2387,2000-01-01 15:45:00,2000-01-01 18:45:00
106,519,2388,2000-01-01 17:00:00,2000-01-01 19:00:00
97,630,2389,2000-01-01 09:00:00,2000-01-01 12:00:00
80,510,2390,2000-01-01 14:00:00,2000-01-01 17:00:00
276,520,2391,2000-01-01 17:00:00,2000-01-01 20:00:00
101,830,2395,2000-01-01 17:02:00,2000-01-01 20:00:00
242,878,2396,2000-01-01 09:00:00,2000-01-01 17:00:00
242,879,2397,2000-01-01 08:00:00,2000-01-01 14:00:00
128,878,2398,2000-01-01 09:00:00,2000-01-01 12:00:00
116,607,2400,2000-01-01 12:45:00,2000-01-01 15:45:00
85,823,2401,2000-01-01 15:45:00,2000-01-01 18:45:00
534,529,2402,2000-01-01 08:30:00,2000-01-01 10:00:00
358,539,2403,2000-01-01 09:00:00,2000-01-01 12:00:00
431,830,2404,2000-01-01 17:02:00,2000-01-01 20:00:00
98,830,2405,2000-01-01 17:02:00,2000-01-01 20:00:00
207,870,2406,2000-01-01 08:00:00,2000-01-01 11:00:00
78,619,2407,2000-01-01 09:45:00,2000-01-01 12:45:00
225,830,2408,2000-01-01 17:02:00,2000-01-01 20:00:00
95,882,2409,2000-01-01 11:00:00,2000-01-01 12:00:00
426,870,2410,2000-01-01 08:00:00,2000-01-01 11:00:00
201,525,2411,2000-01-01 09:00:00,2000-01-01 12:00:00
246,541,2412,2000-01-01 09:00:00,2000-01-01 12:00:00
193,823,2413,2000-01-01 15:45:00,2000-01-01 18:45:00
353,539,2414,2000-01-01 09:30:00,2000-01-01 11:00:00
353,541,2416,2000-01-01 09:30:00,2000-01-01 11:00:00
493,539,2420,2000-01-01 09:00:00,2000-01-01 12:00:00
95,883,2421,2000-01-01 14:00:00,2000-01-01 15:00:00
117,830,2422,2000-01-01 17:02:00,2000-01-01 20:00:00
489,607,2424,2000-01-01 12:45:00,2000-01-01 15:45:00
491,607,2425,2000-01-01 12:45:00,2000-01-01 15:45:00
533,870,2426,2000-01-01 08:00:00,2000-01-01 12:00:00
128,879,2427,2000-01-01 08:45:00,2000-01-01 14:00:00
120,629,2428,2000-01-01 09:00:00,2000-01-01 12:00:00
198,520,2429,2000-01-01 17:00:00,2000-01-01 20:00:00
318,885,2430,2000-01-01 09:00:00,2000-01-01 11:30:00
474,870,2432,2000-01-01 08:00:00,2000-01-01 12:00:00
294,870,2433,2000-01-01 08:00:00,2000-01-01 12:00:00
245,830,2434,2000-01-01 17:02:00,2000-01-01 20:00:00
534,631,2437,2000-01-01 09:00:00,2000-01-01 12:00:00
304,618,2439,2000-01-01 09:45:00,2000-01-01 12:45:00
160,632,2440,2000-01-01 12:45:00,2000-01-01 15:45:00
87,632,2441,2000-01-01 12:45:00,2000-01-01 15:45:00
231,556,2444,2000-01-01 14:00:00,2000-01-01 17:00:00
323,824,2445,2000-01-01 15:45:00,2000-01-01 18:45:00
165,824,2446,2000-01-01 15:45:00,2000-01-01 18:45:00
486,825,2448,2000-01-01 15:45:00,2000-01-01 18:45:00
222,595,2449,2000-01-01 17:00:00,2000-01-01 20:00:00
74,527,2451,2000-01-01 09:00:00,2000-01-01 12:00:00
214,629,2452,2000-01-01 09:00:00,2000-01-01 12:00:00
97,881,2455,2000-01-01 08:00:00,2000-01-01 12:00:00
95,823,2450,2000-01-01 16:45:00,2000-01-01 18:45:00
95,881,2457,2000-01-01 09:30:00,2000-01-01 12:00:00
135,526,2460,2000-01-01 09:00:00,2000-01-01 12:00:00
97,887,2461,2000-01-01 10:00:00,2000-01-01 12:00:00
101,887,2462,2000-01-01 10:00:00,2000-01-01 12:00:00
106,888,2463,2000-01-01 14:00:00,2000-01-01 16:00:00
194,888,2464,2000-01-01 14:00:00,2000-01-01 16:00:00
148,887,2466,2000-01-01 10:00:00,2000-01-01 12:00:00
148,888,2467,2000-01-01 14:00:00,2000-01-01 16:00:00
230,511,2469,2000-01-01 14:00:00,2000-01-01 17:00:00
148,881,2472,2000-01-01 08:00:00,2000-01-01 12:00:00
421,887,2473,2000-01-01 10:00:00,2000-01-01 12:00:00
85,887,2474,2000-01-01 10:00:00,2000-01-01 12:00:00
85,888,2475,2000-01-01 14:00:00,2000-01-01 16:00:00
465,528,2477,2000-01-01 09:00:00,2000-01-01 12:00:00
318,508,2479,2000-01-01 14:00:00,2000-01-01 17:00:00
479,520,2480,2000-01-01 17:00:00,2000-01-01 20:00:00
85,881,2478,2000-01-01 09:00:00,2000-01-01 12:00:00
255,541,2484,2000-01-01 09:00:00,2000-01-01 12:00:00
409,542,2486,2000-01-01 09:00:00,2000-01-01 12:00:00
146,542,2487,2000-01-01 09:00:00,2000-01-01 12:00:00
95,997,2488,2000-01-01 10:30:00,2000-01-01 11:30:00
182,521,2456,2000-01-01 16:30:00,2000-01-01 19:30:00
302,521,2470,2000-01-01 17:00:00,2000-01-01 19:30:00
266,582,2393,2000-01-01 17:00:00,2000-01-01 19:30:00
277,582,2392,2000-01-01 16:30:00,2000-01-01 19:30:00
279,542,2489,2000-01-01 09:00:00,2000-01-01 12:00:00
85,886,2476,2000-01-01 09:00:00,2000-01-01 12:00:00
85,998,2490,2000-01-01 11:30:00,2000-01-01 13:00:00
242,1000,2492,2000-01-01 09:00:00,2000-01-01 14:00:00
352,825,2497,2000-01-01 15:45:00,2000-01-01 18:45:00
426,499,2498,2000-01-01 08:30:00,2000-01-01 10:00:00
354,871,2500,2000-01-01 08:00:00,2000-01-01 11:00:00
300,824,2501,2000-01-01 15:45:00,2000-01-01 18:45:00
143,1002,2502,2000-01-01 09:00:00,2000-01-01 12:00:00
147,998,2503,2000-01-01 11:30:00,2000-01-01 13:00:00
318,1003,2506,2000-01-01 14:00:00,2000-01-01 17:00:00
456,536,2508,2000-01-01 09:00:00,2000-01-01 12:00:00
456,629,2509,2000-01-01 09:00:00,2000-01-01 12:00:00
128,1005,2510,2000-01-01 13:30:00,2000-01-01 16:30:00
128,1000,2511,2000-01-01 09:00:00,2000-01-01 14:00:00
536,525,2512,2000-01-01 09:00:00,2000-01-01 12:00:00
95,1007,2515,2000-01-01 14:00:00,2000-01-01 15:00:00
128,1008,2516,2000-01-01 10:00:00,2000-01-01 15:00:00
242,1008,2517,2000-01-01 10:00:00,2000-01-01 15:00:00
117,884,2518,2000-01-01 09:30:00,2000-01-01 12:30:00
96,884,2519,2000-01-01 09:30:00,2000-01-01 12:30:00
128,1009,2520,2000-01-01 08:45:00,2000-01-01 11:30:00
242,1009,2521,2000-01-01 08:45:00,2000-01-01 11:30:00
103,1010,2524,2000-01-01 10:00:00,2000-01-01 12:00:00
33,1010,2525,2000-01-01 10:00:00,2000-01-01 12:00:00
112,1010,2526,2000-01-01 10:00:00,2000-01-01 12:00:00
318,1010,2527,2000-01-01 10:00:00,2000-01-01 12:00:00
124,511,2528,2000-01-01 14:00:00,2000-01-01 17:00:00
329,881,2529,2000-01-01 08:00:00,2000-01-01 12:00:00
441,881,2530,2000-01-01 08:00:00,2000-01-01 12:00:00
474,871,2531,2000-01-01 08:00:00,2000-01-01 11:00:00
537,1003,2541,2000-01-01 14:00:00,2000-01-01 17:00:00
463,528,2543,2000-01-01 09:00:00,2000-01-01 12:00:00
218,1021,2581,2000-01-01 14:00:00,2000-01-01 16:00:00
90,582,2532,2000-01-01 16:30:00,2000-01-01 19:30:00
194,541,2582,2000-01-01 09:00:00,2000-01-01 12:00:00
242,1022,2583,2000-01-01 13:00:00,2000-01-01 17:00:00
128,1022,2584,2000-01-01 13:00:00,2000-01-01 17:00:00
128,1018,2554,2000-01-01 10:00:00,2000-01-01 14:00:00
242,1018,2578,2000-01-01 09:00:00,2000-01-01 14:00:00
123,522,2542,2000-01-01 16:30:00,2000-01-01 19:30:00
292,523,2499,2000-01-01 16:30:00,2000-01-01 19:30:00
106,1002,2646,2000-01-01 09:00:00,2000-01-01 12:00:00
103,523,2535,2000-01-01 16:30:00,2000-01-01 19:30:00
407,523,2540,2000-01-01 16:30:00,2000-01-01 19:30:00
318,1013,2548,2000-01-01 09:00:00,2000-01-01 12:00:00
170,543,2555,2000-01-01 09:00:00,2000-01-01 12:00:00
346,522,2556,2000-01-01 16:30:00,2000-01-01 19:30:00
425,522,2557,2000-01-01 16:30:00,2000-01-01 19:30:00
397,1006,2550,2000-01-01 09:00:00,2000-01-01 11:00:00
422,1006,2558,2000-01-01 09:00:00,2000-01-01 11:00:00
209,594,2585,2000-01-01 16:30:00,2000-01-01 19:30:00
209,521,2586,2000-01-01 16:30:00,2000-01-01 19:30:00
431,1021,2587,2000-01-01 14:00:00,2000-01-01 16:00:00
474,1014,2576,2000-01-01 08:00:00,2000-01-01 11:00:00
95,1020,2577,2000-01-01 15:00:00,2000-01-01 16:00:00
445,825,2588,2000-01-01 15:45:00,2000-01-01 18:45:00
95,1024,2590,2000-01-01 14:00:00,2000-01-01 15:00:00
318,1025,2591,2000-01-01 14:30:00,2000-01-01 17:30:00
216,557,2592,2000-01-01 14:00:00,2000-01-01 17:00:00
80,557,2593,2000-01-01 14:00:00,2000-01-01 17:00:00
85,594,2594,2000-01-01 16:30:00,2000-01-01 19:30:00
131,825,2595,2000-01-01 15:45:00,2000-01-01 18:45:00
252,1028,2596,2000-01-01 16:30:00,2000-01-01 19:30:00
136,1028,2597,2000-01-01 16:30:00,2000-01-01 19:30:00
242,1030,2601,2000-01-01 11:00:00,2000-01-01 15:00:00
148,1014,2603,2000-01-01 08:00:00,2000-01-01 11:00:00
128,1030,2605,2000-01-01 11:00:00,2000-01-01 15:00:00
80,594,2606,2000-01-01 16:30:00,2000-01-01 19:30:00
85,1021,2607,2000-01-01 14:00:00,2000-01-01 16:00:00
85,1023,2608,2000-01-01 12:00:00,2000-01-01 15:00:00
85,1031,2609,2000-01-01 09:45:00,2000-01-01 11:00:00
77,1031,2610,2000-01-01 09:45:00,2000-01-01 11:00:00
148,1003,2611,2000-01-01 14:00:00,2000-01-01 17:00:00
335,542,2612,2000-01-01 09:00:00,2000-01-01 12:00:00
411,510,2645,2000-01-01 14:00:00,2000-01-01 17:00:00
106,825,2647,2000-01-01 15:45:00,2000-01-01 18:45:00
106,1004,2648,2000-01-01 16:30:00,2000-01-01 19:30:00
431,1023,2649,2000-01-01 13:30:00,2000-01-01 15:00:00
218,510,2652,2000-01-01 16:00:00,2000-01-01 17:00:00
132,1004,2653,2000-01-01 16:30:00,2000-01-01 19:30:00
132,543,2654,2000-01-01 09:00:00,2000-01-01 12:00:00
194,1027,2655,2000-01-01 14:00:00,2000-01-01 17:00:00
154,1029,2660,2000-01-01 12:00:00,2000-01-01 15:00:00
217,1004,2661,2000-01-01 16:30:00,2000-01-01 19:30:00
216,1029,2668,2000-01-01 12:00:00,2000-01-01 15:00:00
242,1065,2669,2000-01-01 17:30:00,2000-01-01 19:30:00
90,1065,2670,2000-01-01 17:30:00,2000-01-01 19:30:00
85,527,2672,2000-01-01 09:00:00,2000-01-01 12:00:00
242,1068,2673,2000-01-01 09:00:00,2000-01-01 14:30:00
242,1070,2674,2000-01-01 10:00:00,2000-01-01 17:00:00
242,1071,2675,2000-01-01 16:00:00,2000-01-01 17:00:00
131,1023,2676,2000-01-01 12:00:00,2000-01-01 15:00:00
97,1026,2677,2000-01-01 09:00:00,2000-01-01 12:00:00
474,1065,2681,2000-01-01 17:30:00,2000-01-01 19:30:00
148,1015,2685,2000-01-01 08:00:00,2000-01-01 11:00:00
128,1065,2686,2000-01-01 17:30:00,2000-01-01 19:30:00
314,527,2689,2000-01-01 09:00:00,2000-01-01 12:00:00
533,1015,2690,2000-01-01 08:00:00,2000-01-01 11:00:00
359,1015,2692,2000-01-01 08:00:00,2000-01-01 11:00:00
131,1027,2695,2000-01-01 14:00:00,2000-01-01 17:00:00
86,1065,2696,2000-01-01 17:30:00,2000-01-01 19:30:00
356,543,2702,2000-01-01 09:00:00,2000-01-01 12:00:00
85,1065,2703,2000-01-01 17:30:00,2000-01-01 19:30:00
85,1026,2704,2000-01-01 09:00:00,2000-01-01 12:00:00
83,1065,2708,2000-01-01 17:30:00,2000-01-01 19:30:00
105,1065,2709,2000-01-01 17:30:00,2000-01-01 19:30:00
451,1026,2711,2000-01-01 09:00:00,2000-01-01 12:00:00
95,1065,2713,2000-01-01 17:30:00,2000-01-01 19:30:00
103,1065,2714,2000-01-01 17:30:00,2000-01-01 19:30:00
242,1075,2715,2000-01-01 16:00:00,2000-01-01 17:30:00
106,528,2722,2000-01-01 09:00:00,2000-01-01 12:00:00
352,1028,2723,2000-01-01 16:30:00,2000-01-01 19:30:00
242,1074,2716,2000-01-01 08:30:00,2000-01-01 17:30:00
